id,name,alias,latitude,longitude
0,Ms. Diane Barnett,,51.3327,-0.0328
1,Elizabeth McDonald,,51.3732,-0.0396
2,Jacqueline Martin-Winter,,51.3536,-0.223
3,Roger Farmer,,51.2891,-0.208
4,Mrs. Georgina Harrison,,51.6004,0.0054
5,Peter Stevens,,51.6441,0.0188
6,Georgina Bell,,51.5304,-0.0927
7,Miss Lesley Sullivan,,51.7303,-0.2607
8,Keith Kelly,Happy,51.4393,-0.1421
9,Shane Bailey,,51.2735,-0.3407
10,Mr. Martin Walters,,51.6625,-0.2993
11,Hugh Pearson-Bates,,51.4888,-0.0283
12,Margaret Hall,,51.3536,0.0948
13,Kimberley Wilson,,51.4794,-0.217
14,Howard Buckley-Williams,,51.4842,0.0338
15,Ms. Tracey Dixon,,51.2586,-0.0008
16,Mr. Connor Morgan,,51.319,-0.0441
17,Dr. Tracy Roberts,Gunner,51.2984,-0.1513
18,Henry Begum-Austin,Baby,51.4357,-0.2335
19,Dennis Coleman,,51.2653,-0.32
20,Henry Martin,,51.3051,-0.2996
21,Dr. Iain Williams,,51.6161,0.0934
22,Patricia Johnson,,51.5965,-0.224
23,Dr. Arthur Jones,,51.7242,-0.1207
24,Alan James,,51.6823,-0.2921
25,Paige Chambers,,51.3609,-0.1547
26,Sean O'Neill,,51.4465,-0.37
27,Dr. Barry Sharp,,51.4282,-0.1019
28,Damian Sutton,,51.4651,0.0896
29,Georgia Stone,,51.6724,-0.14
30,Nicole Jones,,51.5716,-0.3445
31,Denis Glover-Gardner,,51.3057,-0.2225
32,Janet Ali-White,,51.6496,0.0861
33,Alice Dobson,Demon,51.6253,-0.1663
34,Linda Jones-Clarke,,51.2819,-0.1532
35,Dr. Garry Smith,,51.6302,-0.2241
36,Ms. Kirsty Harris,Freestyle,51.4386,-0.3706
37,Paula Green,Guero,51.305,-0.3437
38,Simon Vaughan,,51.2708,0.0004
39,Janet Davies,,51.321,-0.3344
40,Carolyn Reid,,51.4239,-0.0422
41,Kate Martin,,51.6404,-0.3412
42,Nicholas Griffiths,,51.744,-0.2515
43,Jonathan Hale-Moore,,51.3871,0.0516
44,Carol Dennis,,51.4007,-0.0969
45,Dr. Abigail Parker,,51.6212,-0.0067
46,Tony Ford,Nevada,51.6328,-0.0109
47,Chloe Miller-Smith,,51.6865,-0.3088
48,Harry Glover-Morton,,51.7057,-0.0477
49,Mr. Ashley Turner,,51.6754,-0.0775
50,Howard Wells-Campbell,,51.4531,-0.1008
51,Lee Jackson,Gangster,51.425,0.1191
52,Julia Cook,,51.605,0.0943
53,Leslie White,Bouncer,51.7486,-0.2782
54,Hugh Marshall,,51.5834,-0.231
55,Clive Wright-Smith,,51.2874,-0.3588
56,Miss Carol Jones,,51.4205,-0.3597
57,Dr. Danielle Hutchinson,,51.6204,-0.0303
58,Anthony Mitchell,,51.421,0.1152
59,Miss Jessica Murray,,51.5832,-0.0774
60,Jennifer Adams,,51.518,-0.0024
61,Brandon Lowe,,51.5671,-0.1549
62,Malcolm Cox-Mason,Handlebars,51.5569,0.0905
63,Lynda Morris,,51.4392,-0.2427
64,Neil Taylor,,51.3493,-0.1522
65,Dr. Clive Chapman,,51.7413,0.1091
66,Victor Cooper,,51.7246,-0.2201
67,Russell Barnett,,51.6363,-0.2293
68,Diane Lloyd,,51.4403,-0.091
69,Albert Walker,,51.3142,0.0873
70,Mrs. Abigail Shah,Widow,51.447,-0.304
71,Callum Harris,,51.7185,0.0535
72,Miss Lynne Ward,,51.6512,-0.0158
73,Carly Baker-Foster,,51.4946,-0.3328
74,Helen Stewart,,51.3336,-0.322
75,Mr. Joel Perry,,51.6406,-0.18
76,Martin Gough,,51.5517,0.0064
77,Lauren Bishop,,51.464,-0.3087
78,Victor Walker,Kitten,51.4028,-0.283
79,Melissa Doherty-Walsh,,51.5636,-0.3302
80,Teresa Richardson,,51.362,-0.329
81,Francesca Turner,,51.4377,0.107
82,Dr. Richard Butler,Peanuts,51.7411,0.0896
83,Denise Campbell,,51.5162,-0.2549
84,Jodie Lynch,,51.696,-0.3386
85,Jenna Marshall,,51.2893,-0.3364
86,Mr. Roger Barnett,,51.6312,-0.1287
87,Ms. Molly Martin,Spyder,51.7272,-0.1805
88,Marcus Poole-Anderson,,51.7225,0.0265
89,Mrs. Melanie Wilkinson,,51.5126,0.0068
90,Dr. Adam West,,51.5984,-0.1257
91,Hannah Johnson,,51.6807,0.118
92,Jacob Price,,51.4771,-0.0657
93,Brandon Browne-Hamilton,,51.3782,-0.0095
94,Maurice Welch-Connor,,51.2663,-0.2305
95,Howard Thompson,,51.626,0.0661
96,Billy Ellis,,51.4606,-0.164
97,Ms. Joan Jones,,51.2839,0.0501
98,Frank Baker,,51.3469,-0.2485
99,Mrs. Abbie Mason,,51.7074,0.0985
100,Dr. Brandon Wilson,,51.5909,0.0293
101,Stephen Alexander,,51.3154,0.1092
102,Lynda Taylor,,51.4539,-0.1239
103,Mr. Dominic Read,,51.3707,-0.05
104,Annette Murray,,51.538,-0.195
105,Naomi Wells,,51.4109,0.0001
106,Iain Parsons,,51.3403,-0.3488
107,Duncan Woods,,51.3249,-0.0896
108,Peter French,,51.599,-0.3546
109,William Cooper,,51.7192,-0.0353
110,Ms. Abbie Farrell,,51.5523,-0.0537
111,Lisa Watson,,51.3244,-0.2855
112,Mrs. Chelsea Wright,,51.6785,-0.3709
113,Marion Davidson,,51.6418,-0.1955
114,Mrs. Amber Ali,,51.3703,-0.2705
115,Jamie Barnes,,51.3901,-0.0969
116,Craig Buckley,,51.5295,-0.3106
117,Chloe Thomas,,51.2691,0.0467
118,Leanne Hodgson-Jones,,51.4396,0.1012
119,Liam Harvey,,51.3276,-0.2896
120,Frances Young,,51.6852,-0.2657
121,Mrs. Angela Carter,,51.2972,0.0842
122,Dr. Abigail Begum,,51.3941,-0.284
123,Ms. Amelia Hunt,,51.3782,0.0079
124,Marc Bennett,,51.5039,-0.1872
125,Megan Fowler,,51.3276,0.0694
126,Diana Mitchell,,51.7486,0.0574
127,Mohammed Scott-Lawrence,G,51.5754,-0.0707
128,Ms. Clare Butler,,51.4715,-0.2024
129,Luke Harding,Freckles,51.2834,-0.319
130,Mary Daly-Newton,,51.4284,-0.3145
131,Lewis Evans,,51.5471,-0.3718
132,Miss Jemma Bull,,51.5051,0.0851
133,Katherine Watts,,51.6741,0.1026
134,Ms. Hannah Lane,,51.6052,-0.0407
135,Michelle Bull,,51.6854,-0.07
136,Janice Brown,,51.5292,-0.2629
137,Geraldine Weston,,51.509,0.0486
138,Ms. Victoria Watts,,51.6308,-0.0213
139,Jennifer Smith,,51.5428,0.104
140,Bradley Jackson-Johnson,,51.6391,0.0764
141,Donna Griffiths-Miah,,51.4952,-0.1147
142,Jason Rogers,,51.694,-0.3117
143,Mrs. Amber Willis,,51.3699,0.0915
144,Hugh Cooper,,51.3639,-0.0076
145,Maurice Simpson,,51.4725,-0.2446
146,Shirley Wheeler,,51.2821,-0.02
147,Bernard Carter,,51.5517,-0.3069
148,Sandra Kirby,,51.5613,-0.3316
149,Patrick Bradshaw-Dixon,,51.4133,-0.3597
150,Annette Ali,,51.4546,-0.2545
151,Dr. Mohammed Jackson,,51.317,-0.1008
152,Kate Quinn,,51.677,-0.136
153,Mr. Max Robinson,,51.2848,-0.2051
154,Karen Fox,,51.5958,-0.0886
155,Sally Willis,,51.6643,-0.0591
156,Ronald Williams,,51.7503,0.0965
157,Dylan Robson-Vaughan,,51.4407,-0.3026
158,Jane Shaw,,51.5362,-0.128
159,Lawrence Storey,,51.3357,0.059
160,Dr. Eric Taylor,,51.3912,0.088
161,Valerie Smith,,51.5111,0.0496
162,Joshua Mitchell,,51.5384,-0.138
163,Gerard Gill,,51.4763,-0.1798
164,Frederick Jones,,51.5252,-0.1496
165,Lesley Dean-Fowler,Pelon,51.3613,-0.1271
166,Russell Thompson,,51.5561,-0.313
167,Miss Patricia Weston,,51.746,-0.0661
168,Jeffrey Reeves,,51.7199,-0.2706
169,Dr. Amelia Phillips,,51.7015,-0.0045
170,Elizabeth White,,51.654,0.1079
171,Miss Jemma Ward,,51.5452,-0.3569
172,Mrs. Ruth Jones,Stiletto,51.3544,-0.2862
173,Bethany Harrison,,51.6413,0.0164
174,Benjamin Wilson,Electra,51.4321,-0.1715
175,Dr. Ricky Robson,Raven,51.4377,-0.1392
176,Victoria Foster,,51.7422,-0.0838
177,Joel Riley,,51.6181,-0.0932
178,Ms. Danielle Ward,,51.5026,0.008
179,Annette Booth,,51.4339,-0.3657
180,Edward Ford,,51.4958,-0.2573
181,Karl Price,,51.2828,-0.2996
182,Ashley Matthews-Parker,,51.6967,-0.0266
183,Carl Fox,,51.3283,-0.2059
184,Molly Palmer,,51.5914,-0.0415
185,Aimee Macdonald-Lewis,,51.5447,-0.142
186,Dr. Leslie Carr,,51.4559,-0.2602
187,Dr. Dylan Smith,,51.6996,0.0788
188,Jake Johnson,,51.3728,-0.1468
189,Eric McLean,,51.6498,-0.334
190,Roger Martin,,51.5068,0.031
191,Dr. Sean Wilson,,51.5401,0.0552
192,Mr. Jake Booth,,51.4847,0.0285
193,Dr. Sean Smith,,51.7042,0.0099
194,Mrs. Claire Farrell,,51.3329,0.0921
195,Luke Wallis-Price,,51.3559,-0.203
196,Naomi Porter,,51.3918,-0.2336
197,Mr. Leon Cartwright,,51.6195,-0.0371
198,Nicole Cook,,51.5381,-0.257
199,Ms. Claire Howarth,,51.3972,-0.0887
200,Tom Blackburn,,51.2653,-0.224
201,Ms. Alice Jackson,,51.4496,-0.1145
202,Kenneth Barker,,51.472,0.0659
203,Gordon Parker,,51.6079,-0.3738
204,Emma Hill-Lewis,,51.5833,-0.1135
205,Lee Schofield,,51.5897,0.0268
206,Amelia Shah,,51.3432,-0.1233
207,Ms. Sandra Jones,,51.3963,0.1189
208,Dr. Sylvia Long,,51.576,-0.0951
209,Mary Nicholls,,51.3187,-0.338
210,Andrew Moss-Smart,,51.7428,0.0501
211,Ashleigh Green,,51.716,-0.3166
212,Alex Tomlinson-Simpson,,51.2602,-0.3398
213,Mr. Marcus Patel,,51.2607,-0.0901
214,Dr. Hugh Walton,,51.5742,0.0872
215,Frances Palmer,,51.6803,-0.2349
216,Mr. Liam Morrison,Popoye,51.6465,0.05
217,Miss Jennifer Khan,,51.2868,-0.3683
218,Dr. Jasmine Jones,,51.3661,-0.3467
219,Mr. Stanley Berry,Chao,51.5394,-0.0677
220,Chelsea White,,51.7286,0.0174
221,Dr. Louis Barnes,,51.3892,0.0009
222,Mr. Ben West,,51.2595,0.0346
223,Miss Laura Wilson,,51.6759,-0.163
224,Dr. Carol Williams,,51.7157,0.0665
225,Dorothy Thomas,,51.7401,0.0873
226,Ms. Joan Short,,51.3068,0.111
227,Gail Brookes,,51.5819,-0.0692
228,Mary Allen,,51.4566,-0.1087
229,Mr. Malcolm Price,,51.4283,-0.2592
230,Albert Wilson,,51.4175,-0.1716
231,Darren Bibi,,51.4594,-0.1819
232,Dr. Adam Price,,51.4854,-0.0211
233,Lynn Anderson,,51.5892,-0.0138
234,Miss Sarah Rhodes,,51.6651,0.0278
235,Ellie Cook,,51.2629,0.0776
236,Mr. Albert Barry,Ironclad,51.5922,0.0801
237,Bernard Connor,,51.6152,0.0925
238,Ms. Kim Morgan,,51.2617,-0.3029
239,Mrs. Lauren Dawson,Riko,51.689,0.0333
240,Russell Green,Blaze,51.7161,-0.0774
241,Gregory McLean-Quinn,,51.4307,-0.2535
242,Jemma Carter,,51.4512,-0.0042
243,Dean Ward,,51.3494,-0.204
244,Samantha Wilkinson,,51.4064,-0.1913
245,Andrew Smith,,51.4962,-0.3745
246,Garry Hayes-Roberts,,51.6257,-0.1931
247,Abbie Bond,,51.7279,-0.2436
248,Rhys Evans,,51.5803,-0.2249
249,Dr. Alice Armstrong,,51.5109,-0.142
250,Rachael Evans,,51.4686,-0.0089
251,Rhys O'Neill-Robertson,,51.404,-0.2485
252,Georgina Ball,,51.4862,0.0935
253,Ben Cook,,51.4476,0.0253
254,Lynne Johnson-Simpson,,51.538,-0.147
255,Sylvia Rowe,,51.5158,-0.2444
256,Dr. Steven Brookes,,51.6046,0.0235
257,Angela Harrison,Creeper,51.6385,-0.1733
258,Mr. Stanley Vincent,,51.595,-0.2147
259,Joel Russell,,51.592,-0.297
260,Mrs. Jane Patel,,51.6235,-0.2772
261,Adrian West,,51.4574,0.0411
262,Amanda Dixon,,51.2726,-0.0303
263,Chelsea Wilson,,51.3763,-0.3689
264,Jake Wallis-Cook,,51.4006,-0.0577
265,Jean Jones,,51.7503,-0.1634
266,Ms. Amelia Coles,,51.7198,0.0251
267,Lauren Watson,,51.7212,-0.0226
268,Martin Freeman,,51.386,0.0318
269,Marian Black-Middleton,,51.6454,-0.3717
270,Raymond Allan-Steele,,51.7293,-0.1616
271,Trevor Carter,Clumsy,51.7444,0.0304
272,Suzanne Owen,,51.2696,-0.2075
273,Douglas Mitchell,,51.3449,-0.2699
274,Sara Foster,,51.452,-0.2654
275,Mr. Philip Powell,Little,51.514,-0.0963
276,Katie Allen-Metcalfe,,51.4319,-0.1264
277,Miss Lucy Armstrong,,51.3231,-0.193
278,Jeffrey Saunders,,51.4962,-0.2341
279,Dr. Eric Gordon,Paco,51.3258,-0.005
280,Shaun Macdonald,,51.6891,-0.0374
281,Ms. Hilary Smith,,51.4594,-0.1031
282,Gerald Anderson,,51.7016,0.0638
283,Ms. Sandra Flynn,,51.694,-0.2153
284,Dr. Douglas James,,51.4658,-0.1117
285,Denis Rowe,,51.677,-0.2977
286,Ms. Donna Jenkins,,51.2836,-0.1626
287,Kayleigh Smith,,51.4481,-0.1984
288,Nathan Harrison,,51.2774,-0.2594
289,Melanie Morris,,51.5922,-0.106
290,Denise Moore,,51.5662,-0.0711
291,Victor Frost,,51.2924,-0.3605
292,Karen White-Harris,,51.6588,-0.2289
293,Marie Fitzgerald,Reaper,51.3014,-0.0702
294,Louise Chapman-Holmes,,51.3447,-0.0626
295,Marc Robinson-Lowe,,51.4889,-0.2426
296,Ms. Sandra Mitchell,,51.6506,-0.1615
297,Daniel Kelly,,51.7022,-0.2819
298,Philip Williamson-O'Connor,,51.3198,0.0682
299,George Khan,,51.5479,-0.0655
300,Ms. Kimberley Cooper,,51.649,-0.2561
301,Kate Wright,,51.4092,0.0768
302,Anthony Weston,,51.53,-0.2014
303,Charlie Booth,,51.459,-0.0994
304,Rita Allen,,51.3378,-0.1734
305,Mr. Leonard Marshall,Boulder,51.6097,-0.1744
